{
  "Id": "apt_richmaj",
  "WorldPos": {"X":-919.407043,"Y":-375.42514,"Z":136.910828},
  "AccessPoints": [
    {
      "Id": "apt_richmaj_ped_frt_ent_01",
      "DoorPosition": {"X":-932.6243,"Y":-383.454376,"Z":37.9613152},
      "ExitOnFoot": { 
        "Heading": 180,
        "Position": {"X":-935.0617,"Y":-384.8584,"Z":37.9613152}
      }
    },
    {
      "Id": "gar_richmaj_veh_bck_ent_01",
      "Function": "Garage",
      "DoorPosition": {"X":-878.0957,"Y":-359.342072,"Z":34.8448639},
      "ExitOnFoot": { 
        "Heading": 180,
        "Position": {"X":-877.119263,"Y":-361.310059,"Z":34.94873}
      },
      "ExitInVehicle": { 
        "Heading": 180,
        "Position": {"X":-873.279236,"Y":-368.8071,"Z":36.9542351}
      }
    }
  ]
}